YearsExperience,Income,Actor,Actor_Vavg,Gname,Gavg,Mname,Mavg
1.1,56957,Rashmika Mandhana,9.4,Action,41.6,Hera pheri,6.6
1.3,46205,Allu Arjun,22.8,adventure,41.6,3 idiots,20.8
1.5,37731,Aamir Khan,10.7,Horror,23.5,Zindagi na milegi dobara,1.3
2,43525,Ritesh Deshmukh,6.1,Comedy,45.6,Drishyam,3.4
2.2,55794,Genelia D'souza,6.2,Drama,45.6,Uri,7.4
2.9,56642,Ranbir Kapoor,3.4,Biographical,14.1,Shershaah,3.4
3,60150,Dipika Padukone,4.2,Romance,25.5,Dangal,0.7
3.2,54445,Siddharth Malhotra,9.4,Thriller,30.9,M.S.Dhoni:The untold stor,7.4
3.2,64445,Priyanka Chopra,1.3,Animation,13.4,RRR,3.4
3.7,57189,Akshay Kumar,18.1,Crime film,17.4,TOY story,0.7
3.9,63218,Vicky Kaushal,8.7,Time travel,29.5,Bhaag milkha,1.3
4,55794,Shushant Singh Rajput,,Science Fiction ,29.5,The Lion King,0.7
4,56957,Ayushmann Khurrana,,,,Mary Kom,0.1
4.1,57081,RajKummar Rao,,,,Avatar,2.1
4.5,61111,Shahid Kapoor,,,,Interstellar,7.4
4.9,67938,Shah Rukh Khan,,,,Ved,2.7
5.1,66029,Salman Khan,,,,Natsamrat,1.3
5.3,83088,Amitab Bachchan,,,,Sairat,0.7
5.9,81363,Aishwarya Rai,,,,Genius,0.7
6,93940,Ram Charan,,,,Avengers,6.1
6.8,91738,Naga Chaitanya,,,,Annabelle,0.1
7.1,98273,Anushka Sharma,,,,The conjuring,5.4
7.9,101302,Anushka Shetty,,,,Dear Comrade,2.7
8.2,113812,Prabhas,,,,Geeta Govindam,4.2
8.7,109431,Taapsee Pannu,,,,Pushpa,5.4
9,105582,Tamanna,,,,DJ:Duvvada jagannadham,0.7
9.5,116969,Swapnil Joshi,,,,Yeh Jawaani Hai Deewani,4.2
9.6,112635,Ashok Saraf,,,,Kashmir Files,2.3
10.3,122391,Amey Wagh,,,,Ek villian,1.4
10.5,121872,Sai Tamhankar,,,,Shehzada,1.5
