User_id,Timestamp, FULL NAME ,GENERE, Select your favourite Movie,Rate the selected Movie,ACTOR 
101,04-12-2023 11:47,Vedant Sanjay Dhamale ,Action/Adventure,Avengers,5,Allu Arjun
102,04-12-2023 11:50,Prachi Upare,"Action/Adventure, Biographical, Romance",Yeh Jawaani Hai Deewani,5,Siddharth Malhotra
103,04-12-2023 11:52,Poonam phulse,"Action/Adventure, Comedy Drama",3 idiots,4,Aamir Khan
104,04-12-2023 11:53,Shruti Mahapurkar ,"Comedy Drama, Time Travel/Science Fiction",Interstellar,4,Akshay Kumar
105,04-12-2023 11:53,Harsh Karwande,"Comedy Drama, Time Travel/Science Fiction",3 idiots,5,Aamir Khan
106,04-12-2023 11:55,Sejal BhausahebTalekar ,"Horror, Thriller, Romance, Time Travel/Science Fiction",Yeh Jawaani Hai Deewani,5,Ranbir Kapoor
107,04-12-2023 11:56,Makode Manjiri Balasaheb ,Action/Adventure,Uri,5,Allu Arjun
108,04-12-2023 12:04,Harshada Dagdu Ingle ,"Action/Adventure, Horror, Comedy Drama, Thriller",The conjuring,4,Allu Arjun
109,04-12-2023 12:05,Sairaj Pawar,"Action/Adventure, Horror, Thriller, Time Travel/Science Fiction",Interstellar,5,Akshay Kumar
110,04-12-2023 12:15,Yargatwar Neha Gangaprasad ,"Action/Adventure, Comedy Drama, Crime Film, Time Travel/Science Fiction",RRR,5,Allu Arjun
111,04-12-2023 12:15,Kondhalkar Shruti Sanjay ,"Action/Adventure, Comedy Drama, Romance, Time Travel/Science Fiction",Shershaah,4,Akshay Kumar
112,04-12-2023 12:16,Pranay Kabra,"Thriller, Crime Film",Pushpa,5,Allu Arjun
113,04-12-2023 12:17,Bhujbal Samiksha Padmakar,Horror,The conjuring,4,Akshay Kumar
114,04-12-2023 12:23,Ashish Pandurang Gaikwad ,"Action/Adventure, Comedy Drama, Biographical, Thriller",3 idiots,5,Aamir Khan
115,04-12-2023 12:23,Gayatri Prakash Jagdale ,"Horror, Comedy Drama, Thriller, Romance",Yeh Jawaani Hai Deewani,5,Dipika Padukone
116,04-12-2023 12:23,Priya Balasaheb Shinde,"Comedy Drama, Biographical, Romance, Time Travel/Science Fiction",3 idiots,5,Siddharth Malhotra
117,04-12-2023 12:26,Vaishnavi Vilas Chavan ,"Action/Adventure, Comedy Drama, Thriller",3 idiots,3,Aamir Khan
118,04-12-2023 12:27,JADHAV purva balasaheb ,Horror,The conjuring,5,Rashmika Mandhana
119,04-12-2023 12:27,Shweta Mandan,Comedy Drama,3 idiots,5,Allu Arjun
120,04-12-2023 12:28,Viraj Sonawane ,"Horror, War, Comedy Drama, Biographical",Uri,5,Rashmika Mandhana
121,04-12-2023 12:28,Om phale ,Romance,Ved,5,Ritesh Deshmukh
122,04-12-2023 12:28,Aarya Sanjay Lambore,"Horror, Comedy Drama, Thriller",Interstellar,5,Allu Arjun
123,04-12-2023 12:29,Pradnya  shivaji yadav ,"Horror, Thriller",The conjuring,5,Allu Arjun
124,04-12-2023 12:29,Shruti Ratnappa Jain ,"Horror, Biographical, Thriller, Time Travel/Science Fiction",Bhaag milkha,5,Akshay Kumar
125,04-12-2023 12:31,Shreyash Chaudhari ,"Comedy Drama, Action/Adventure, Romance, Biographical",3 idiots,5,Aamir Khan
126,04-12-2023 12:34,Prasad Deshmukh ,"Time Travel/Science Fiction, Thriller, Crime Film, Comedy Drama",3 idiots,4,Aamir Khan
127,04-12-2023 12:34,Ganesh Injinware ,"Crime Film, War, Action/Adventure",Pushpa,1,Allu Arjun
128,04-12-2023 12:35,Priyanka Laxman Kashid,"Action/Adventure, Biographical, Animation, Time Travel/Science Fiction",TOY story,4,Siddharth Malhotra
129,04-12-2023 12:36,Mohit ,Action/Adventure,Shershaah,1,Rashmika Mandhana
130,04-12-2023 12:36,Sawant Shreyas Hanmant,"Romance, Time Travel/Science Fiction, Animation, Action/Adventure",Avengers,5,Allu Arjun
131,04-12-2023 12:38,Nisarg Bhavsar,"Comedy Drama, Thriller, Biographical, Time Travel/Science Fiction",M.S.Dhoni:The untold story,5,Allu Arjun
132,04-12-2023 12:41,Jagadale Gayatri Rajendra ,"Action/Adventure, Animation, War, Comedy Drama",3 idiots,4,Vicky Kaushal
133,04-12-2023 12:41,Taware Shreyash Rajendra ,Comedy Drama,Hera pheri,5,Akshay Kumar
134,04-12-2023 12:41,Anuj Sandeep Jagtap,Comedy Drama,Hera pheri,5,Akshay Kumar
135,04-12-2023 12:41,Saurabh Rajesh Pande ,Time Travel/Science Fiction,Interstellar,4,Vicky Kaushal
136,04-12-2023 12:41,Atharva Jagdale ,Comedy Drama,Hera pheri,5,Akshay Kumar
137,04-12-2023 12:41,Rahul Gajanan Jagdale,"Comedy Drama, Thriller, Animation, Time Travel/Science Fiction",Interstellar,5,Akshay Kumar
138,04-12-2023 12:41,Aniket Ananda Kharat ,"Comedy Drama, Romance, Time Travel/Science Fiction",Geeta Govindam,4,Rashmika Mandhana
139,04-12-2023 12:41,Ruturaj Dilip Dixit,"Romance, Biographical",Ved,5,Ritesh Deshmukh
140,04-12-2023 12:42,Sandhya Ankush Bondre ,"Biographical, Romance",3 idiots,5,Vicky Kaushal
141,04-12-2023 12:43,Atharv Rajendra Kadam ,"Time Travel/Science Fiction, War, Comedy Drama, Crime Film",Hera pheri,5,Akshay Kumar
142,04-12-2023 12:44,Raj Dipak Jarad ,"Biographical, Action/Adventure, Time Travel/Science Fiction, War",Interstellar,5,Akshay Kumar
143,04-12-2023 12:45,Aditya Durugkar,"Action/Adventure, Animation, Thriller, Time Travel/Science Fiction",M.S.Dhoni:The untold story,3,Genelia D'souza
144,04-12-2023 12:48,Pratiksha Santosh Relekar,"Action/Adventure, Time Travel/Science Fiction, Thriller",Interstellar,5,Akshay Kumar
145,04-12-2023 12:49,Prathamesh Pagale,Action/Adventure,Avengers,5,Akshay Kumar
146,04-12-2023 12:50,Sai Ashok Narwade ,"War, Thriller, Comedy Drama, Action/Adventure",Shershaah,5,Siddharth Malhotra
147,04-12-2023 12:51,Smit Vhora ,"War, Romance, Action/Adventure, Biographical",3 idiots,5,Allu Arjun
148,04-12-2023 12:51,Mohit Sangludkar ,"Time Travel/Science Fiction, Action/Adventure, Thriller, Crime Film",Interstellar,5,Allu Arjun
149,04-12-2023 13:02,Snehal khode,"Biographical, Comedy Drama, Romance, Action/Adventure",Natsamrat,4,Genelia D'souza
150,04-12-2023 13:06,Gayatri Sudhir Ambekar ,"Horror, Comedy Drama, Animation, Romance",Yeh Jawaani Hai Deewani,2,Dipika Padukone
151,04-12-2023 13:06,Pranali kabra,Comedy Drama,Pushpa,5,Allu Arjun
152,04-12-2023 13:10,Dnyaneshwari Devmankar,"Action/Adventure, War, Crime Film",Drishyam,3,Akshay Kumar
153,04-12-2023 13:12,Neha Abarao Rathod ,Action/Adventure,Zindagi na milegi dobara,5,Allu Arjun
154,04-12-2023 13:13,Devashish Mayur Potnis,"Comedy Drama, War, Crime Film, Romance",Ved,5,Ritesh Deshmukh
155,04-12-2023 13:13,Amaan,"Action/Adventure, Horror, Romance",Hera pheri,5,Aamir Khan
156,04-12-2023 13:17,Rishabh Joshi ,"Biographical, Time Travel/Science Fiction, Romance",Dear Comrade,2,Vicky Kaushal
157,04-12-2023 13:17,Manasi,"Horror, Comedy Drama",Uri,5,Rashmika Mandhana
158,04-12-2023 13:19,Ishita Surana ,"Horror, Thriller, Time Travel/Science Fiction, Crime Film",Avengers,5,Siddharth Malhotra
159,04-12-2023 13:19,Nirmiti ,"Action/Adventure, Romance, Time Travel/Science Fiction, Crime Film",Avengers,5,Akshay Kumar
160,04-12-2023 13:20,Biradar Anjali Rajkumar ,"Thriller, Time Travel/Science Fiction, Crime Film, Comedy Drama",3 idiots,5,Ritesh Deshmukh
161,04-12-2023 13:20,Sakshi sanjay Bhavsagar ,Crime Film,3 idiots,5,Priyanka Chopra
162,04-12-2023 13:22,Samruddhi Manoj Bhoyar,"Horror, Thriller, Action/Adventure, Crime Film",Avatar,5,Dipika Padukone
163,04-12-2023 13:23,Kaivalya Kulkarni ,"Comedy Drama, Horror, Thriller, Time Travel/Science Fiction",Natsamrat,5,Akshay Kumar
164,04-12-2023 13:25,Mahesh,"Comedy Drama, Action/Adventure, Thriller, Biographical",Pushpa,5,Allu Arjun
165,04-12-2023 13:28,Anjali kale,"Comedy Drama, Action/Adventure",Hera pheri,3,Vicky Kaushal
166,04-12-2023 13:29,Priyanka Balkrushna Satkar ,Action/Adventure,Avatar,4,Allu Arjun
167,04-12-2023 13:29,Anjali Anandrao Bhandare,"Comedy Drama, Animation",The Lion King,4,Siddharth Malhotra
168,04-12-2023 13:32,Sakshi ingale ,"Time Travel/Science Fiction, Romance, Horror, Animation",Pushpa,4,Akshay Kumar
169,04-12-2023 13:34,Vedanti ved mundhda,Animation,3 idiots,3,Dipika Padukone
170,04-12-2023 13:38,Saras Babasaheb Kamble ,"Thriller, Crime Film, Horror, Action/Adventure",M.S.Dhoni:The untold story,5,Akshay Kumar
171,04-12-2023 13:44,Rohit Bhadane ,"Romance, Time Travel/Science Fiction, Animation, Crime Film",Interstellar,5,Dipika Padukone
172,04-12-2023 13:46,Sakshi ,Thriller,Avengers,5,Priyanka Chopra
173,04-12-2023 13:48,Divya Khandekar ,War,Uri,5,Ritesh Deshmukh
174,04-12-2023 13:52,Mahin,"Comedy Drama, Time Travel/Science Fiction, Thriller, Action/Adventure",Zindagi na milegi dobara,5,Akshay Kumar
175,04-12-2023 14:07,Piyush Batheja,Romance,Geeta Govindam,4,Rashmika Mandhana
176,04-12-2023 14:09,Anuja Sunil Jadhav ,"Comedy Drama, Biographical, Time Travel/Science Fiction, Action/Adventure",Uri,1,Vicky Kaushal
177,04-12-2023 14:13,Atharva Dilip Bhandvalkar,"Thriller, Action/Adventure, War, Time Travel/Science Fiction",Interstellar,5,Ranbir Kapoor
178,04-12-2023 14:25,Shripad upare,War,Uri,5,Rashmika Mandhana
179,04-12-2023 14:26,Pratik,"Comedy Drama, Biographical",M.S.Dhoni:The untold story,5,Siddharth Malhotra
180,04-12-2023 14:41,Rohan Jayaprakash Hatkar ,"Time Travel/Science Fiction, Biographical, Romance, Thriller",3 idiots,5,Aamir Khan
181,04-12-2023 14:51,Jadhav Aniket Sanjay ,"Action/Adventure, Thriller, Time Travel/Science Fiction, Animation",Interstellar,4,Allu Arjun
182,04-12-2023 15:12,Kore Aishwarya Dhananjay ,"Time Travel/Science Fiction, Animation, Comedy Drama",3 idiots,5,Akshay Kumar
183,04-12-2023 15:16,Atharva Anil Joshi ,Action/Adventure,Geeta Govindam,5,Akshay Kumar
184,04-12-2023 15:26,Vaibhavi Sandip Sawant,"Horror, Crime Film, Comedy Drama, Time Travel/Science Fiction",3 idiots,5,Akshay Kumar
185,04-12-2023 15:29,Yargatwar Megha ,"Horror, Time Travel/Science Fiction, Action/Adventure, Comedy Drama",Hera pheri,5,Siddharth Malhotra
186,04-12-2023 15:37,Triveni Ekanath kadam,Crime Film,Drishyam,5,Genelia D'souza
187,04-12-2023 16:18,Shruti patil,"Thriller, Romance, Comedy Drama, Horror",The conjuring,5,Allu Arjun
188,04-12-2023 16:57,Harsh kailash kabra,Action/Adventure,3 idiots,5,Aamir Khan
189,04-12-2023 17:24,Sandhyarani,"Thriller, Time Travel/Science Fiction, Romance",3 idiots,5,Ranbir Kapoor
190,04-12-2023 17:45,Vaishnavi Shrikant Dhongade,Horror,3 idiots,5,Aamir Khan
191,04-12-2023 17:47,Prajwal Pravin Shinde,"Time Travel/Science Fiction, War, Crime Film, Horror",Avengers,5,Rashmika Mandhana
192,04-12-2023 18:18,Dr Roshani Rajesh Malpani ,"Comedy Drama, Action/Adventure",RRR,5,Genelia D'souza
193,04-12-2023 18:19,Shruti Jalindar Sawant ,"Horror, Comedy Drama, Action/Adventure, Thriller",The conjuring,4,Allu Arjun
194,04-12-2023 18:38,Sneha Rangrao Karhale ,Comedy Drama,3 idiots,5,Ritesh Deshmukh
195,04-12-2023 18:46,Rucha vinayak chaudhari ,Horror,Dear Comrade,2,Ritesh Deshmukh
196,04-12-2023 19:00,Samiksha shinde ,"Romance, Horror, Action/Adventure",Hera pheri,5,Vicky Kaushal
197,04-12-2023 19:02,Vaishnavi gajanan ganagawane ,Comedy Drama,Drishyam,4,Genelia D'souza
198,04-12-2023 19:07,Raavi shirish agrawal ,Animation,Geeta Govindam,5,Rashmika Mandhana
199,04-12-2023 19:11,Prerna Rajkumar Ingole ,Romance,Shershaah,1,Siddharth Malhotra
200,04-12-2023 19:12,Yashaswini Rahul Bhosale ,"Romance, Comedy Drama",3 idiots,5,Ritesh Deshmukh
201,04-12-2023 19:12,Mahajan Rohini Devidas,Romance,M.S.Dhoni:The untold story,5,Allu Arjun
202,04-12-2023 19:13,Sakshi keshav sarode,"Action/Adventure, Thriller, Romance, Comedy Drama",3 idiots,5,Vicky Kaushal
203,04-12-2023 19:13,Poonam prakash kadam ,Comedy Drama,3 idiots,1,Aamir Khan
204,04-12-2023 19:14,Pornima kaduba  khandare,Horror,Geeta Govindam,5,Siddharth Malhotra
205,04-12-2023 19:14,Shruti Dalal ,Romance,Shershaah,5,Ranbir Kapoor
206,04-12-2023 19:15,Sejal Futane,Comedy Drama,Yeh Jawaani Hai Deewani,5,Akshay Kumar
207,04-12-2023 19:16,Renu Rajendra Kalode ,Action/Adventure,Dangal,1,Aamir Khan
208,04-12-2023 19:22,Gayatri Jadhav ,Action/Adventure,Dear Comrade,1,Rashmika Mandhana
209,04-12-2023 19:28,Solunke Pavan ,"Thriller, Animation, Crime Film, Action/Adventure",M.S.Dhoni:The untold story,5,Allu Arjun
210,04-12-2023 19:36,Baburaao Ganpatrao aapte,"Action/Adventure, Biographical, Comedy Drama, Thriller",Hera pheri,5,Akshay Kumar
211,04-12-2023 19:36,Vishwajeet shankarrao karhale,War,Avengers,5,Akshay Kumar
212,04-12-2023 19:43,Komal Ramdas Chepurwar ,"Action/Adventure, Comedy Drama",3 idiots,5,Allu Arjun
213,04-12-2023 19:49,Padole Pradnya Ramesh ,"Time Travel/Science Fiction, Comedy Drama, Horror",RRR,1,Allu Arjun
214,04-12-2023 19:57,Kanase Gauri Kailas,"Romance, Animation, Comedy Drama, Action/Adventure",3 idiots,5,Vicky Kaushal
215,04-12-2023 20:00,Anewar Rutuja pradip,Comedy Drama,3 idiots,3,Genelia D'souza
216,04-12-2023 20:03,Suku lohate,Romance,Geeta Govindam,4,Rashmika Mandhana
217,04-12-2023 20:04,Nikita ,Animation,Avatar,4,Allu Arjun
218,04-12-2023 20:09,Sandhya maroti khude ,Comedy Drama,Ved,1,Akshay Kumar
219,04-12-2023 20:11,Pawar Rani Dayanand ,Action/Adventure,Genius,1,Genelia D'souza
220,04-12-2023 20:19,Pramod raut,"Animation, Thriller, Comedy Drama, Biographical",Yeh Jawaani Hai Deewani,1,Genelia D'souza
221,04-12-2023 20:21,Vedant Sandeep kakani ,"Crime Film, Horror, War",Uri,4,Allu Arjun
222,04-12-2023 20:23,Sakshi Shinde,Comedy Drama,Sairat,1,Siddharth Malhotra
223,04-12-2023 20:29,SABALE KARTIK BHARAT,"Thriller, Time Travel/Science Fiction, Action/Adventure, Crime Film",Avengers,5,Allu Arjun
224,04-12-2023 20:41,Abcdefghijklmnopqrstuvwxyz,"Comedy Drama, Animation, Horror",Dear Comrade,3,Rashmika Mandhana
225,04-12-2023 20:54,Dagade harshada vishwanath,Comedy Drama,M.S.Dhoni:The untold story,5,Genelia D'souza
226,04-12-2023 20:58,Rushikesh ,"War, Horror, Thriller, Crime Film",Pushpa,5,Allu Arjun
227,04-12-2023 21:17,Mohite prerana sayaji ,"Comedy Drama, Romance, Horror, Animation",Hera pheri,1,Akshay Kumar
228,04-12-2023 21:36,Sandip Chandrabhan Kurkute ,Comedy Drama,3 idiots,4,Aamir Khan
229,04-12-2023 22:03,Nisha Sharma ,"Action/Adventure, Thriller, Crime Film, Comedy Drama",RRR,5,Allu Arjun
230,04-12-2023 22:11,Akshata Rajendra Nale,"War, Action/Adventure",Uri,5,Vicky Kaushal
231,04-12-2023 22:18,Siddhi Sandip Kakani,"Romance, Comedy Drama, War",M.S.Dhoni:The untold story,2,Siddharth Malhotra
232,04-12-2023 22:24,Rakhi Rathi,"Comedy Drama, Time Travel/Science Fiction",M.S.Dhoni:The untold story,1,Ranbir Kapoor
233,04-12-2023 22:32,Shreesha Pantange,"War, Action/Adventure, Horror",Drishyam,3,Siddharth Malhotra
234,04-12-2023 22:40,SaiKrishna Bhokre,"Time Travel/Science Fiction, Animation",The conjuring,4,Allu Arjun
235,04-12-2023 23:38,Prasad Nilkanth Dudhe ,"Comedy Drama, Romance",3 idiots,5,Aamir Khan
236,4/13/2023 0:56:35,. ,"Time Travel/Science Fiction, Crime Film, Thriller, Comedy Drama",M.S.Dhoni:The untold story,5,Allu Arjun
237,4/13/2023 8:53:24,Sandip Ramchandra kakani,War,Drishyam,1,Ritesh Deshmukh
238,4/13/2023 10:20:02,shravan belgamwar ,"Action/Adventure, Thriller",Uri,5,Vicky Kaushal
239,4/13/2023 10:20:17,Sujal Nathwani,"Action/Adventure, Romance",RRR,5,Rashmika Mandhana
240,4/13/2023 10:33:27,Yash Manthanwar,"War, Action/Adventure, Thriller",Pushpa,5,Allu Arjun
241,4/13/2023 11:05:46,Vedant ,"Crime Film, Thriller",Pushpa,5,Allu Arjun
242,4/13/2023 11:05:49,S,"Action/Adventure, Thriller, War",Uri,5,Vicky Kaushal
243,4/13/2023 11:48:56,Saeem Sheikh ,"Comedy Drama, Action/Adventure",3 idiots,5,Aamir Khan
244,4/13/2023 12:39:55,Lucky game,"Romance, Time Travel/Science Fiction, Thriller, Comedy Drama",M.S.Dhoni:The untold story,5,Aamir Khan
245,4/13/2023 13:09:04,Maheen Abdul Rauf Shaikh ,Horror,The conjuring,5,Siddharth Malhotra
246,4/13/2023 16:07:55,Parth Munginwar ,"Thriller, Crime Film, Biographical",3 idiots,1,Dipika Padukone
