YearsExperience,Salary,Actor,,Actor_Vavg,,Gname,Gavg,Mname,Mavg
1.1,56957,Rashmika Mandhana,,9.4,,Action,41.6,Hera pheri,6.6
1.3,46205,Allu Arjun,,22.8,,adventure,41.6,3 idiots,20.8
1.5,37731,Aamir Khan,,10.7,,Horror,23.5,Zindagi na milegi dobara,1.3
2,43525,Ritesh Deshmukh,,6,,Comedy,45.6,Drishyam,3.4
2.2,55794,Genelia D'souza,,6,,Drama,45.6,Uri,7.4
2.9,56642,Ranbir Kapoor,,3.4,,Biographical,14.1,Shershaah,3.4
3,60150,Dipika Padukone,,4,,Romance,25.5,Dangal,0.7
3.2,54445,Siddharth Malhotra,,9.4,,Thriller,30.9,M.S.Dhoni:The untold stor,7.4
3.2,64445,Priyanka Chopra,,1.3,,Animation,13.4,RRR,3.4
3.7,57189,Akshay Kumar,,18.1,,Crime film,17.4,TOY story,0.7
3.9,63218,Vicky Kaushal,,8.7,,Time travel,29.5,Bhaag milkha,1.3
4,55794,,,9.4,,Science Fiction ,29.5,The Lion King,0.7
4,56957,,,22.8,,Action,,Mary Kom,0
4.1,57081,,,10.7,,adventure,,Avatar,2
4.5,61111,,,6,,Horror,,Interstellar,7.4
4.9,67938,,,6,,Comedy,,Ved,2.7
5.1,66029,,,3.4,,Drama,,Natsamrat,1.3
5.3,83088,,,4,,Biographical,,Sairat,0.7
5.9,81363,,,9.4,,Romance,,Genius,0.7
6,93940,,,1.3,,Thriller,,Avengers,6
6.8,91738,,,18.1,,Animation,,Annabelle,0
7.1,98273,,,8.7,,Crime film,,The conjuring,5.4
7.9,101302,,,9.4,,Time travel,,Dear Comrade,2.7
8.2,113812,,,22.8,,Science Fiction ,,Geeta Govindam,4
8.7,109431,,,10.7,,Action,,Pushpa,5.4
9,105582,,,6,,adventure,,DJ:Duvvada jagannadham,0.7
9.5,116969,,,6,,Horror,,Yeh Jawaani Hai Deewani,4
9.6,112635,,,3.4,,Comedy,,Geeta Govindam,5.4
10.3,122391,,,4,,Drama,,Geeta Govindam,0.7
10.5,121872,,,9.4,,Biographical,,Geeta Govindam,4
