User_id,Timestamp,Name,Genere,Movie_Title,Movie_Rate,Actor,Runtime
101,4/12/2023 11:47,Vedant Sanjay Dhamale ,Action/Adventure,Avengers,5,Allu Arjun,140
102,4/12/2023 11:50,Prachi Upare,"Action/Adventure, Biographical, Romance",Yeh Jawaani Hai Deewani,5,Siddharth Malhotra,170
103,4/12/2023 11:52,Poonam phulse,"Action/Adventure, Comedy Drama",3 idiots,4,Aamir Khan,190
104,4/12/2023 11:53,Shruti Mahapurkar ,"Comedy Drama, Time Travel/Science Fiction",Interstellar,4,Akshay Kumar,130
105,4/12/2023 11:53,Harsh Karwande,"Comedy Drama, Time Travel/Science Fiction",3 idiots,5,Aamir Khan,190
106,4/12/2023 11:55,Sejal BhausahebTalekar ,"Horror, Thriller, Romance, Time Travel/Science Fiction",Yeh Jawaani Hai Deewani,5,Ranbir Kapoor,170
107,4/12/2023 11:56,Makode Manjiri Balasaheb ,Action/Adventure,Uri,5,Allu Arjun,180
108,4/12/2023 12:04,Harshada Dagdu Ingle ,"Action/Adventure, Horror, Comedy Drama, Thriller",The conjuring,4,Allu Arjun,150
109,4/12/2023 12:05,Sairaj Pawar,"Action/Adventure, Horror, Thriller, Time Travel/Science Fiction",Interstellar,5,Akshay Kumar,130
110,4/12/2023 12:15,Yargatwar Neha Gangaprasad ,"Action/Adventure, Comedy Drama, Crime Film, Time Travel/Science Fiction",RRR,5,Allu Arjun,178
111,4/12/2023 12:15,Kondhalkar Shruti Sanjay ,"Action/Adventure, Comedy Drama, Romance, Time Travel/Science Fiction",Shershaah,4,Akshay Kumar,185
112,4/12/2023 12:16,Pranay Kabra,"Thriller, Crime Film",Pushpa,5,Allu Arjun,175
113,4/12/2023 12:17,Bhujbal Samiksha Padmakar,Horror,The conjuring,4,Akshay Kumar,150
114,4/12/2023 12:23,Ashish Pandurang Gaikwad ,"Action/Adventure, Comedy Drama, Biographical, Thriller",3 idiots,5,Aamir Khan,190
115,4/12/2023 12:23,Gayatri Prakash Jagdale ,"Horror, Comedy Drama, Thriller, Romance",Yeh Jawaani Hai Deewani,5,Dipika Padukone,170
116,4/12/2023 12:23,Priya Balasaheb Shinde,"Comedy Drama, Biographical, Romance, Time Travel/Science Fiction",3 idiots,5,Siddharth Malhotra,190
117,4/12/2023 12:26,Vaishnavi Vilas Chavan ,"Action/Adventure, Comedy Drama, Thriller",3 idiots,3,Aamir Khan,190
118,4/12/2023 12:27,JADHAV purva balasaheb ,Horror,The conjuring,5,Rashmika Mandhana,150
119,4/12/2023 12:27,Shweta Mandan,Comedy Drama,3 idiots,5,Allu Arjun,190
120,4/12/2023 12:28,Viraj Sonawane ,"Horror, War, Comedy Drama, Biographical",Uri,5,Rashmika Mandhana,180
121,4/12/2023 12:28,Om phale ,Romance,Ved,5,Ritesh Deshmukh,165
122,4/12/2023 12:28,Aarya Sanjay Lambore,"Horror, Comedy Drama, Thriller",Interstellar,5,Allu Arjun,130
123,4/12/2023 12:29,Pradnya  shivaji yadav ,"Horror, Thriller",The conjuring,5,Allu Arjun,150
124,4/12/2023 12:29,Shruti Ratnappa Jain ,"Horror, Biographical, Thriller, Time Travel/Science Fiction",Bhaag milkha,5,Akshay Kumar,188
125,4/12/2023 12:31,Shreyash Chaudhari ,"Comedy Drama, Action/Adventure, Romance, Biographical",3 idiots,5,Aamir Khan,190
126,4/12/2023 12:34,Prasad Deshmukh ,"Time Travel/Science Fiction, Thriller, Crime Film, Comedy Drama",3 idiots,4,Aamir Khan,190
127,4/12/2023 12:34,Ganesh Injinware ,"Crime Film, War, Action/Adventure",Pushpa,1,Allu Arjun,175
128,4/12/2023 12:35,Priyanka Laxman Kashid,"Action/Adventure, Biographical, Animation, Time Travel/Science Fiction",TOY story,4,Siddharth Malhotra,192
129,4/12/2023 12:36,Mohit ,Action/Adventure,Shershaah,1,Rashmika Mandhana,185
130,4/12/2023 12:36,Sawant Shreyas Hanmant,"Romance, Time Travel/Science Fiction, Animation, Action/Adventure",Avengers,5,Allu Arjun,140
131,4/12/2023 12:38,Nisarg Bhavsar,"Comedy Drama, Thriller, Biographical, Time Travel/Science Fiction",M.S.Dhoni:The untold story,5,Allu Arjun,189
132,4/12/2023 12:41,Jagadale Gayatri Rajendra ,"Action/Adventure, Animation, War, Comedy Drama",3 idiots,4,Vicky Kaushal,190
133,4/12/2023 12:41,Taware Shreyash Rajendra ,Comedy Drama,Hera pheri,5,Akshay Kumar,195
134,4/12/2023 12:41,Anuj Sandeep Jagtap,Comedy Drama,Hera pheri,5,Akshay Kumar,195
135,4/12/2023 12:41,Saurabh Rajesh Pande ,Time Travel/Science Fiction,Interstellar,4,Vicky Kaushal,130
136,4/12/2023 12:41,Atharva Jagdale ,Comedy Drama,Hera pheri,5,Akshay Kumar,195
137,4/12/2023 12:41,Rahul Gajanan Jagdale,"Comedy Drama, Thriller, Animation, Time Travel/Science Fiction",Interstellar,5,Akshay Kumar,130
138,4/12/2023 12:41,Aniket Ananda Kharat ,"Comedy Drama, Romance, Time Travel/Science Fiction",Geeta Govindam,4,Rashmika Mandhana,154
139,4/12/2023 12:41,Ruturaj Dilip Dixit,"Romance, Biographical",Ved,5,Ritesh Deshmukh,165
140,4/12/2023 12:42,Sandhya Ankush Bondre ,"Biographical, Romance",3 idiots,5,Vicky Kaushal,190
141,4/12/2023 12:43,Atharv Rajendra Kadam ,"Time Travel/Science Fiction, War, Comedy Drama, Crime Film",Hera pheri,5,Akshay Kumar,195
142,4/12/2023 12:44,Raj Dipak Jarad ,"Biographical, Action/Adventure, Time Travel/Science Fiction, War",Interstellar,5,Akshay Kumar,130
143,4/12/2023 12:45,Aditya Durugkar,"Action/Adventure, Animation, Thriller, Time Travel/Science Fiction",M.S.Dhoni:The untold story,3,Genelia D'souza,189
144,4/12/2023 12:48,Pratiksha Santosh Relekar,"Action/Adventure, Time Travel/Science Fiction, Thriller",Interstellar,5,Akshay Kumar,130
145,4/12/2023 12:49,Prathamesh Pagale,Action/Adventure,Avengers,5,Akshay Kumar,140
146,4/12/2023 12:50,Sai Ashok Narwade ,"War, Thriller, Comedy Drama, Action/Adventure",Shershaah,5,Siddharth Malhotra,185
147,4/12/2023 12:51,Smit Vhora ,"War, Romance, Action/Adventure, Biographical",3 idiots,5,Allu Arjun,190
148,4/12/2023 12:51,Mohit Sangludkar ,"Time Travel/Science Fiction, Action/Adventure, Thriller, Crime Film",Interstellar,5,Allu Arjun,130
149,4/12/2023 13:02,Snehal khode,"Biographical, Comedy Drama, Romance, Action/Adventure",Natsamrat,4,Genelia D'souza,168
150,4/12/2023 13:06,Gayatri Sudhir Ambekar ,"Horror, Comedy Drama, Animation, Romance",Yeh Jawaani Hai Deewani,2,Dipika Padukone,170
151,4/12/2023 13:06,Pranali kabra,Comedy Drama,Pushpa,5,Allu Arjun,175
152,4/12/2023 13:10,Dnyaneshwari Devmankar,"Action/Adventure, War, Crime Film",Drishyam,3,Akshay Kumar,155
153,4/12/2023 13:12,Neha Abarao Rathod ,Action/Adventure,Zindagi na milegi dobara,5,Allu Arjun,157
154,4/12/2023 13:13,Devashish Mayur Potnis,"Comedy Drama, War, Crime Film, Romance",Ved,5,Ritesh Deshmukh,165
155,4/12/2023 13:13,Amaan,"Action/Adventure, Horror, Romance",Hera pheri,5,Aamir Khan,195
156,4/12/2023 13:17,Rishabh Joshi ,"Biographical, Time Travel/Science Fiction, Romance",Dear Comrade,2,Vicky Kaushal,146
157,4/12/2023 13:17,Manasi,"Horror, Comedy Drama",Uri,5,Rashmika Mandhana,190
158,4/12/2023 13:19,Ishita Surana ,"Horror, Thriller, Time Travel/Science Fiction, Crime Film",Avengers,5,Siddharth Malhotra,140
159,4/12/2023 13:19,Nirmiti ,"Action/Adventure, Romance, Time Travel/Science Fiction, Crime Film",Avengers,5,Akshay Kumar,140
160,4/12/2023 13:20,Biradar Anjali Rajkumar ,"Thriller, Time Travel/Science Fiction, Crime Film, Comedy Drama",3 idiots,5,Ritesh Deshmukh,190
161,4/12/2023 13:20,Sakshi sanjay Bhavsagar ,Crime Film,3 idiots,5,Priyanka Chopra,190
162,4/12/2023 13:22,Samruddhi Manoj Bhoyar,"Horror, Thriller, Action/Adventure, Crime Film",Avatar,5,Dipika Padukone,156
163,4/12/2023 13:23,Kaivalya Kulkarni ,"Comedy Drama, Horror, Thriller, Time Travel/Science Fiction",Natsamrat,5,Akshay Kumar,168
164,4/12/2023 13:25,Mahesh,"Comedy Drama, Action/Adventure, Thriller, Biographical",Pushpa,5,Allu Arjun,175
165,4/12/2023 13:28,Anjali kale,"Comedy Drama, Action/Adventure",Hera pheri,3,Vicky Kaushal,195
166,4/12/2023 13:29,Priyanka Balkrushna Satkar ,Action/Adventure,Avatar,4,Allu Arjun,156
167,4/12/2023 13:29,Anjali Anandrao Bhandare,"Comedy Drama, Animation",The Lion King,4,Siddharth Malhotra,196
168,4/12/2023 13:32,Sakshi ingale ,"Time Travel/Science Fiction, Romance, Horror, Animation",Pushpa,4,Akshay Kumar,175
169,4/12/2023 13:34,Vedanti ved mundhda,Animation,3 idiots,3,Dipika Padukone,190
170,4/12/2023 13:38,Saras Babasaheb Kamble ,"Thriller, Crime Film, Horror, Action/Adventure",M.S.Dhoni:The untold story,5,Akshay Kumar,189
171,4/12/2023 13:44,Rohit Bhadane ,"Romance, Time Travel/Science Fiction, Animation, Crime Film",Interstellar,5,Dipika Padukone,130
172,4/12/2023 13:46,Sakshi ,Thriller,Avengers,5,Priyanka Chopra,140
173,4/12/2023 13:48,Divya Khandekar ,War,Uri,5,Ritesh Deshmukh,180
174,4/12/2023 13:52,Mahin,"Comedy Drama, Time Travel/Science Fiction, Thriller, Action/Adventure",Zindagi na milegi dobara,5,Akshay Kumar,157
175,4/12/2023 14:07,Piyush Batheja,Romance,Geeta Govindam,4,Rashmika Mandhana,154
176,4/12/2023 14:09,Anuja Sunil Jadhav ,"Comedy Drama, Biographical, Time Travel/Science Fiction, Action/Adventure",Uri,1,Vicky Kaushal,180
177,4/12/2023 14:13,Atharva Dilip Bhandvalkar,"Thriller, Action/Adventure, War, Time Travel/Science Fiction",Interstellar,5,Ranbir Kapoor,130
178,4/12/2023 14:25,Shripad upare,War,Uri,5,Rashmika Mandhana,180
179,4/12/2023 14:26,Pratik,"Comedy Drama, Biographical",M.S.Dhoni:The untold story,5,Siddharth Malhotra,189
180,4/12/2023 14:41,Rohan Jayaprakash Hatkar ,"Time Travel/Science Fiction, Biographical, Romance, Thriller",3 idiots,5,Aamir Khan,190
181,4/12/2023 14:51,Jadhav Aniket Sanjay ,"Action/Adventure, Thriller, Time Travel/Science Fiction, Animation",Interstellar,4,Allu Arjun,130
182,4/12/2023 15:12,Kore Aishwarya Dhananjay ,"Time Travel/Science Fiction, Animation, Comedy Drama",3 idiots,5,Akshay Kumar,190
183,4/12/2023 15:16,Atharva Anil Joshi ,Action/Adventure,Geeta Govindam,5,Akshay Kumar,154
184,4/12/2023 15:26,Vaibhavi Sandip Sawant,"Horror, Crime Film, Comedy Drama, Time Travel/Science Fiction",3 idiots,5,Akshay Kumar,190
185,4/12/2023 15:29,Yargatwar Megha ,"Horror, Time Travel/Science Fiction, Action/Adventure, Comedy Drama",Hera pheri,5,Siddharth Malhotra,195
186,4/12/2023 15:37,Triveni Ekanath kadam,Crime Film,Drishyam,5,Genelia D'souza,155
187,4/12/2023 16:18,Shruti patil,"Thriller, Romance, Comedy Drama, Horror",The conjuring,5,Allu Arjun,150
188,4/12/2023 16:57,Harsh kailash kabra,Action/Adventure,3 idiots,5,Aamir Khan,190
189,4/12/2023 17:24,Sandhyarani,"Thriller, Time Travel/Science Fiction, Romance",3 idiots,5,Ranbir Kapoor,190
190,4/12/2023 17:45,Vaishnavi Shrikant Dhongade,Horror,3 idiots,5,Aamir Khan,190
191,4/12/2023 17:47,Prajwal Pravin Shinde,"Time Travel/Science Fiction, War, Crime Film, Horror",Avengers,5,Rashmika Mandhana,140
192,4/12/2023 18:18,Dr Roshani Rajesh Malpani ,"Comedy Drama, Action/Adventure",RRR,5,Genelia D'souza,178
193,4/12/2023 18:19,Shruti Jalindar Sawant ,"Horror, Comedy Drama, Action/Adventure, Thriller",The conjuring,4,Allu Arjun,150
194,4/12/2023 18:38,Sneha Rangrao Karhale ,Comedy Drama,3 idiots,5,Ritesh Deshmukh,190
195,4/12/2023 18:46,Rucha vinayak chaudhari ,Horror,Dear Comrade,2,Ritesh Deshmukh,146
196,4/12/2023 19:00,Samiksha shinde ,"Romance, Horror, Action/Adventure",Hera pheri,5,Vicky Kaushal,195
197,4/12/2023 19:02,Vaishnavi gajanan ganagawane ,Comedy Drama,Drishyam,4,Genelia D'souza,155
198,4/12/2023 19:07,Raavi shirish agrawal ,Animation,Geeta Govindam,5,Rashmika Mandhana,154
199,4/12/2023 19:11,Prerna Rajkumar Ingole ,Romance,Shershaah,1,Siddharth Malhotra,185
,4/12/2023 19:12,Yashaswini Rahul Bhosale ,"Romance, Comedy Drama",3 idiots,5,Ritesh Deshmukh,190
201,4/12/2023 19:12,Mahajan Rohini Devidas,Romance,M.S.Dhoni:The untold story,5,Allu Arjun,189
202,4/12/2023 19:13,Sakshi keshav sarode,"Action/Adventure, Thriller, Romance, Comedy Drama",3 idiots,5,Vicky Kaushal,190
203,4/12/2023 19:13,Poonam prakash kadam ,Comedy Drama,3 idiots,1,Aamir Khan,190
204,4/12/2023 19:14,Pornima kaduba  khandare,Horror,Geeta Govindam,5,Siddharth Malhotra,154
205,4/12/2023 19:14,Shruti Dalal ,Romance,Shershaah,5,Ranbir Kapoor,185
206,4/12/2023 19:15,Sejal Futane,Comedy Drama,Yeh Jawaani Hai Deewani,5,Akshay Kumar,170
207,4/12/2023 19:16,Renu Rajendra Kalode ,Action/Adventure,Dangal,1,Aamir Khan,184
208,4/12/2023 19:22,Gayatri Jadhav ,Action/Adventure,Dear Comrade,1,Rashmika Mandhana,146
209,4/12/2023 19:28,Solunke Pavan ,"Thriller, Animation, Crime Film, Action/Adventure",M.S.Dhoni:The untold story,5,Allu Arjun,189
210,4/12/2023 19:36,Baburaao Ganpatrao aapte,"Action/Adventure, Biographical, Comedy Drama, Thriller",Hera pheri,5,Akshay Kumar,195
211,4/12/2023 19:36,Vishwajeet shankarrao karhale,War,Avengers,5,Akshay Kumar,140
212,4/12/2023 19:43,Komal Ramdas Chepurwar ,"Action/Adventure, Comedy Drama",3 idiots,5,Allu Arjun,190
213,4/12/2023 19:49,Padole Pradnya Ramesh ,"Time Travel/Science Fiction, Comedy Drama, Horror",RRR,1,Allu Arjun,178
214,4/12/2023 19:57,Kanase Gauri Kailas,"Romance, Animation, Comedy Drama, Action/Adventure",3 idiots,5,Vicky Kaushal,190
215,4/12/2023 20:00,Anewar Rutuja pradip,Comedy Drama,3 idiots,3,Genelia D'souza,190
216,4/12/2023 20:03,Suku lohate,Romance,Geeta Govindam,4,Rashmika Mandhana,154
217,4/12/2023 20:04,Nikita ,Animation,Avatar,4,Allu Arjun,156
218,4/12/2023 20:09,Sandhya maroti khude ,Comedy Drama,Ved,1,Akshay Kumar,165
,4/12/2023 20:11,Pawar Rani Dayanand ,Action/Adventure,Genius,1,Genelia D'souza,197
220,4/12/2023 20:19,Pramod raut,"Animation, Thriller, Comedy Drama, Biographical",Yeh Jawaani Hai Deewani,1,Genelia D'souza,170
221,4/12/2023 20:21,Vedant Sandeep kakani ,"Crime Film, Horror, War",Uri,4,Allu Arjun,180
222,4/12/2023 20:23,Sakshi Shinde,Comedy Drama,Sairat,1,Siddharth Malhotra,
223,4/12/2023 20:29,SABALE KARTIK BHARAT,"Thriller, Time Travel/Science Fiction, Action/Adventure, Crime Film",Avengers,5,Allu Arjun,140
224,4/12/2023 20:41,Abcdefghijklmnopqrstuvwxyz,"Comedy Drama, Animation, Horror",Dear Comrade,3,Rashmika Mandhana,146
225,4/12/2023 20:54,Dagade harshada vishwanath,Comedy Drama,M.S.Dhoni:The untold story,5,Genelia D'souza,189
226,4/12/2023 20:58,Rushikesh ,"War, Horror, Thriller, Crime Film",Pushpa,5,Allu Arjun,175
227,4/12/2023 21:17,Mohite prerana sayaji ,"Comedy Drama, Romance, Horror, Animation",Hera pheri,1,Akshay Kumar,195
228,4/12/2023 21:36,Sandip Chandrabhan Kurkute ,Comedy Drama,3 idiots,4,Aamir Khan,190
229,4/12/2023 22:03,Nisha Sharma ,"Action/Adventure, Thriller, Crime Film, Comedy Drama",RRR,5,Allu Arjun,178
230,4/12/2023 22:11,Akshata Rajendra Nale,"War, Action/Adventure",Uri,5,Vicky Kaushal,180
231,4/12/2023 22:18,Siddhi Sandip Kakani,"Romance, Comedy Drama, War",M.S.Dhoni:The untold story,2,Siddharth Malhotra,189
232,4/12/2023 22:24,Rakhi Rathi,"Comedy Drama, Time Travel/Science Fiction",M.S.Dhoni:The untold story,1,Ranbir Kapoor,189
233,4/12/2023 22:32,Shreesha Pantange,"War, Action/Adventure, Horror",Drishyam,3,Siddharth Malhotra,155
234,4/12/2023 22:40,SaiKrishna Bhokre,"Time Travel/Science Fiction, Animation",The conjuring,4,Allu Arjun,150
235,4/12/2023 23:38,Prasad Nilkanth Dudhe ,"Comedy Drama, Romance",3 idiots,5,Aamir Khan,190
236,4/13/2023 0:56,. ,"Time Travel/Science Fiction, Crime Film, Thriller, Comedy Drama",M.S.Dhoni:The untold story,5,Allu Arjun,189
237,4/13/2023 8:53,Sandip Ramchandra kakani,War,Drishyam,1,Ritesh Deshmukh,155
238,4/13/2023 10:20,shravan belgamwar ,"Action/Adventure, Thriller",Uri,5,Vicky Kaushal,180
239,4/13/2023 10:20,Sujal Nathwani,"Action/Adventure, Romance",RRR,5,Rashmika Mandhana,178
240,4/13/2023 10:33,Yash Manthanwar,"War, Action/Adventure, Thriller",Pushpa,5,Allu Arjun,175
241,4/13/2023 11:05,Vedant ,"Crime Film, Thriller",Pushpa,5,Allu Arjun,175
242,4/13/2023 11:05,S,"Action/Adventure, Thriller, War",Uri,5,Vicky Kaushal,180
243,4/13/2023 11:48,Saeem Sheikh ,"Comedy Drama, Action/Adventure",3 idiots,5,Aamir Khan,190
244,4/13/2023 12:39,Lucky game,"Romance, Time Travel/Science Fiction, Thriller, Comedy Drama",M.S.Dhoni:The untold story,5,Aamir Khan,189
245,4/13/2023 13:09,Maheen Abdul Rauf Shaikh ,Horror,The conjuring,5,Siddharth Malhotra,150
246,4/13/2023 16:07,Parth Munginwar ,"Thriller, Crime Film, Biographical",3 idiots,1,Dipika Padukone,190
,4/15/2023 12:32,Rathod Vishal santram ,"Time Travel/Science Fiction, Action/Adventure",DJ:Duvvada jagannadham,5,Allu Arjun,
,4/15/2023 15:34,Sayali Satyaprem Lagad ,"Thriller, Horror, Romance",Uri,5,Vicky Kaushal,180
